Company Name,Date of Last Visit,Pages Visited
Apex Logistics LLC,2026-01-28,Products
Summit Staffing Solutions,2026-01-30,Capital
Elite Workforce Partners,2026-01-31,Industries
Express Route Carriers,2026-01-27,Main Page
ProStaff Employment Agency,2026-01-29,Products
Talent Bridge Staffing,2026-01-31,Capital
FlexForce Staffing Inc,2026-01-30,Industries
Highway Haulers Inc,2026-01-28,Products
Roadmaster Logistics,2026-01-26,Main Page
Workforce Dynamics Inc,2026-01-31,Capital
Maverick Well Solutions,2026-01-29,Products
Career Connect Staffing,2026-01-31,Capital
Prime Movers Transport,2026-01-27,Industries
Westside Machine Shop,2026-01-30,Main Page
Workforce One Staffing,2026-01-28,Products
CrossCountry Logistics,2026-01-31,Capital
Staff Solutions Plus,2026-01-29,Industries
Reliable Road Freight,2026-01-30,Products
PeopleFirst Staffing,2026-01-26,Main Page
Unified Staffing Solutions,2026-01-31,Capital
